booth,fandoms,facebook_url,zone
A01-04,"genshin, hsr",https://www.facebook.com/photo/?fbid=1067755692046623&set=a.1056396709849188,A
A05-06,"ALNST, blue lock, dungeon mechi, genshin, hsr, mahou-shoujo, wind breaker, zzz",https://www.facebook.com/photo/?fbid=1065770478911811&set=a.1056396709849188,A
A07-08,"dungeon mechi, ensemble star, gegege, genshin, hsr, jojo, mashle, original",https://www.facebook.com/photo/?fbid=1066479395507586&set=a.1056396709849188,A
A11-12,"blue lock, genshin, hsr, original, wind breaker, zzz",https://www.facebook.com/photo/?fbid=1066479412174251&set=a.1056396709849188,A
A13-14,"ALNST, genshin, haikyuu, hsr, wind breaker",https://www.facebook.com/photo/?fbid=1067742412047951&set=a.1056396709849188,A
A19-20,"ALNST, hsr, nijisanji, orv",https://www.facebook.com/photo/?fbid=1065770575578468&set=a.1056396709849188,A
A23-24,"arknights, blue lock, dungeon mechi, genshin, honkai3, hsr, original, wind breaker",https://www.facebook.com/photo/?fbid=1065770568911802&set=a.1056396709849188,A
A25-26,"etc., genshin, hsr, original",https://www.facebook.com/photo/?fbid=1065770458911813&set=a.1056396709849188,A
A27,"frieren, kny, maomao, shoujo, skip & loafer, spy x fam",https://www.facebook.com/photo/?fbid=1065770442245148&set=a.1056396709849188,A
A29-30,"ALNST, dandadan, dungeon mechi, hsr, mahou-shoujo, original, project sekai",https://www.facebook.com/photo/?fbid=1066479375507588&set=a.1056396709849188,A
A33-34,"genshin, hsr",https://www.facebook.com/photo/?fbid=1062413179247541&set=a.1056396709849188,A
A49-50,arknights,https://www.facebook.com/photo/?fbid=1062413192580873&set=a.1056396709849188,A
A51-52,"Hand-made, dandadan, original, shoujo",https://www.facebook.com/photo/?fbid=1065770418911817&set=a.1056396709849188,A
A57-58,"Hand-made, original",https://www.facebook.com/photo/?fbid=1067751335380392&set=a.1056396709849188,A
A63-64,original,https://www.facebook.com/photo/?fbid=1067742298714629&set=a.1056396709849188,A
A67-68,"dungeon mechi, identityV, original, orv, webtoon",https://www.facebook.com/photo/?fbid=1065770608911798&set=a.1056396709849188,A
A69-72,"Hazbin hotel, dungeon mechi, final fantasy, genshin, hsr, hxh, kny, mob100, original, plave",https://www.facebook.com/photo/?fbid=1066310345524491&set=a.1056396709849188,A
A75-78,"Hand-made, original",,A
A79-80,original,https://www.facebook.com/photo/?fbid=1057907066364819&set=a.1056396709849188,A
A81-82,"original, webtoon",https://www.facebook.com/photo.php?fbid=1251032879920687&set=p.1251032879920687&type=3,A
A89-92,"ALNST, frieren, original, wind breaker",https://www.facebook.com/photo/?fbid=1067742398714619&set=a.1056396709849188,A
A95,"hsr, original",https://www.facebook.com/photo/?fbid=1065770592245133&set=a.1056396709849188,A
B03-04,"one piece, original",https://www.facebook.com/photo/?fbid=1067760408712818&set=a.1056397906515735,B
B07,"one piece, original, squid game",https://www.facebook.com/photo/?fbid=1062415305913995&set=a.1056397906515735,B
B05-06,"blue lock, conan, good omens, haikyuu, hxh, mahou-shoujo, one piece, original, squid game",https://www.facebook.com/photo/?fbid=1067760248712834&set=a.1056397906515735,B
B08,"etc., one piece",https://www.facebook.com/photo/?fbid=1066482122173980&set=a.1056397906515735,B
B09-10,"arknights, gundum, haikyuu, one piece, original, path to nowwhere, plave, slamdunk",https://www.facebook.com/photo/?fbid=1067760275379498&set=a.1056397906515735,B
B11-12,"Hazbin hotel, etc., one piece, squid game",https://www.facebook.com/photo/?fbid=1066311662191026&set=a.1056397906515735,B
B13-14,"gegege, mob100, one piece, original",https://www.facebook.com/photo/?fbid=1067760475379478&set=a.1056397906515735,B
B15-16,"LoL, holo, nijisanji, one piece",https://www.facebook.com/photo/?fbid=1065773752244817&set=a.1056397906515735,B
B17-18,one piece,https://www.facebook.com/photo/?fbid=1056397323182460&set=a.1056397906515735,B
B19-20,"one piece, ranma, shoujo",https://www.facebook.com/photo/?fbid=1065773992244793&set=a.1056397906515735,B
B23-24,"AOT, MHA, dungeon mechi, haikyuu, one piece, original, shoujo, sonic",https://www.facebook.com/photo/?fbid=1065773895578136&set=a.1056397906515735,B
B25-26,"etc., genshin, hsr, naruto, one piece, s class, tsurune, webtoon, wind breaker",https://www.facebook.com/photo/?fbid=1066311605524365&set=a.1056397906515735,B
B29-30,"AOT, JJK, Kaijuu8, MHA, blue lock, bocchi, conan, dandadan, dungeon mechi, frieren, genshin, haikyuu, hsr, mahou-shoujo, mashle, one piece, original, ron, sakamoto day, shoujo, spy x fam, tokyo revenger, zzz",https://www.facebook.com/photo/?fbid=1065773862244806&set=a.1056397906515735,B
B31,"ALNST, JJK, blue lock, chainsaw man, haikyuu, mashle, one piece, tokyo revenger, wind breaker, wuwa",https://www.facebook.com/photo/?fbid=1066311765524349&set=a.1056397906515735,B
B32,"haikyuu, original",https://www.facebook.com/photo/?fbid=1065773835578142&set=a.1056397906515735,B
B33,"chainsaw man, dungeon mechi, haikyuu, one piece, original, wind breaker, zzz",https://www.facebook.com/photo/?fbid=1066482105507315&set=a.1056397906515735,B
B34,"JJK, blue lock, etc., haikyuu, one piece, slamdunk",https://www.facebook.com/photo/?fbid=1056397313182461&set=a.1056397906515735,B
B37-38,holo,https://www.facebook.com/photo/?fbid=1062415412580651&set=a.1056397906515735,B
B39-40,"Hand-made, original, slamdunk",https://www.facebook.com/photo/?fbid=1066311632191029&set=a.1056397906515735,B
B41-42,"Hand-made, MHA, blue lock, conan, dandadan, genshin, haikyuu, jojo, maomao, mob100, original, ranma, shoujo, trigun",https://www.facebook.com/photo/?fbid=1066311672191025&set=a.1056397906515735,B
B43,"conan, haikyuu, kuroko, tokyo revenger",https://www.facebook.com/photo/?fbid=1066311588857700&set=a.1056397906515735,B
B45-46,"ALNST, frieren, haikyuu, nijisanji, original, slamdunk",https://www.facebook.com/photo/?fbid=1067760438712815&set=a.1056397906515735,B
B47-50,"JJK, LoL, MHA, blue lock, death note, gintama, haikyuu, mashle, sakamoto day, wind breaker",https://www.facebook.com/photo/?fbid=1067760565379469&set=a.1056397906515735,B
B51-52,"Kaijuu8, blue lock, frieren, haikyuu, kny, pixela, sakamoto day, shoujo, wind breaker",https://www.facebook.com/photo/?fbid=1065773808911478&set=a.1056397906515735,B
B53-54,"JJK, LoL, MHA, genshin, original, plave",https://www.facebook.com/photo/?fbid=1067769338711925&set=a.1056397906515735,B
B55,"AOT, JJK, Kaijuu8, MHA, blue lock, hxh, kny, miu404, one piece, spy x fam",https://x.com/moonyserin/status/1900495799630393399?s=61&t=wJq4btFmmjyTF-lgv1ra-A,B
B57,"JJK, MHA, death note, gintama, haikyuu, hxh, mahou-shoujo, naruto, original, shoujo",https://www.facebook.com/photo/?fbid=1062415369247322&set=a.1056397906515735,B
B58,"Hand-made, JJK, Kaijuu8, original, wind breaker",https://www.facebook.com/photo/?fbid=1067760355379490&set=a.1056397906515735,B
B61-62,"Kaijuu8, blue lock, gegege, haikyuu, original",https://www.facebook.com/photo/?fbid=1065773948911464&set=a.1056397906515735,B
B63-64,"JJK, blue lock, chainsaw man, gintama, haikyuu, linkclick, original, trigun",https://www.facebook.com/photo/?fbid=1067760312046161&set=a.1056397906515735,B
B65-66,"JJK, Kaijuu8, MHA, blue lock, haikyuu, mashle, original, plave, reborn, sakamoto day, wind breaker, wuwa",https://x.com/bluminty06/status/1899818028327465331 ,B
B68,"AOT, MHA, blue lock, etc., gintama, given, haikyuu, kny, kuroko, naruto, original, pixela, sakamoto day, wind breaker",https://www.facebook.com/photo/?fbid=1065773795578146&set=a.1056397906515735,B
B69,"blue lock, wind breaker",https://www.facebook.com/photo/?fbid=1067760485379477&set=a.1056397906515735,B
B71-72,"blue lock, genshin, hsr, original, wuwa",https://www.facebook.com/photo/?fbid=1065773775578148&set=a.1056397906515735,B
B73-74,"Hand-made, JJK, gegege, haikyuu, kny, linkclick, original, orv, plave, sakamoto day, tsurune, wind breaker",https://www.facebook.com/photo/?fbid=1066311645524361&set=a.1056397906515735,B
B75-76,"Kaijuu8, blue lock, mashle, sakamoto day, wind breaker",https://www.facebook.com/photo/?fbid=1067760515379474&set=a.1056397906515735,B
B77,"blue lock, hsr, wuwa, zzz",https://www.facebook.com/photo/?fbid=1062415342580658&set=a.1056397906515735,B
B79,blue lock,https://www.facebook.com/photo/?fbid=1065774018911457&set=a.1056397906515735,B
B80,"ALNST, JJK, MHA, orv, trigun, wind breaker",https://www.facebook.com/photo/?fbid=1056397299849129&set=a.1056397906515735,B
B81,"identityV, naruto, sasamiya, wind breaker",https://www.facebook.com/photo/?fbid=1062415275913998&set=a.1056397906515735,B
B82,"dungeon mechi, genshin, wind breaker",https://www.facebook.com/photo/?fbid=1067762395379286&set=a.1056397906515735,B
B83-84,"JJK, ensemble star, frieren, hsr, kny, original, pixela, skip & loafer, vanitas, wind breaker",https://www.facebook.com/photo/?fbid=1067768792045313&set=a.1056397906515735,B
B85-86,"ALNST, JJK, MHA, bocchi, frieren, genshin, hsr, pixela, tokyo revenger, wind breaker",https://www.facebook.com/photo/?fbid=1065773915578134&set=a.1056397906515735,B
B87-88,"JJK, LoL, dungeon mechi, etc., haikyuu, hsr, wind breaker, witch hat atelier",https://www.facebook.com/photo/?fbid=1066311735524352&set=a.1056397906515735,B
B89-90,"Hazbin hotel, dungeon mechi, genshin, mashle, tokyo revenger, wind breaker",https://www.facebook.com/photo/?fbid=1067771048711754&set=a.1056397906515735,B
B91,"JJK, genshin, kny, mashle, wind breaker",https://www.facebook.com/photo/?fbid=1065773965578129&set=a.1056397906515735,B
C02,JJK,https://www.facebook.com/photo/?fbid=1066483558840503&set=a.1056398876515638,C
C03-04,"Hazbin hotel, JJK, Re, dungeon mechi, marvel, original, reborn, theboys",https://www.facebook.com/photo/?fbid=1065779515577574&set=a.1056398876515638,C
C09-10,"JJK, MHA, bleach, kny, original, wind breaker",https://www.facebook.com/photo/?fbid=1067956012026591&set=a.1056398876515638,C
C11-12,"ALNST, JJK, frieren, genshin, hsr, kuroko, nu carnival, skip & loafer, wind breaker",https://x.com/mirugi11/status/1900503100861116647,C
C14,"Hand-made, JJK, MHA, mashle, paradox live, tokyo revenger",https://www.facebook.com/photo/?fbid=1066313865524139&set=a.1056398876515638,C
C21-22,"MHA, hsr, mashle, nijisanji, original, plave",https://www.facebook.com/photo/?fbid=1067955945359931&set=a.1056398876515638,C
C23,"MHA, blue lock, conan, haikyuu, mashle, naruto, original, sakamoto day, shoujo, spy x fam, wind breaker",https://www.facebook.com/photo/?fbid=1066313832190809&set=a.1056398876515638,C
C25-26,"MHA, identityV, nijisanji, original",https://www.facebook.com/photo/?fbid=1065779485577577&set=a.1056398876515638,C
C30,"ALNST, chainsaw man, dungeon mechi, frieren, genshin, hsr, mashle, nijisanji, wind breaker",https://www.facebook.com/photo/?fbid=1067955682026624&set=a.1056398876515638,C
C31,"hsr, original, twisted",https://www.facebook.com/photo/?fbid=1065779632244229&set=a.1056398876515638,C
C32,"JJK, slamdunk",https://www.facebook.com/photo/?fbid=1067955798693279&set=a.1056398876515638,C
C33,"fate, genshin, haikyuu, hsr, kny, oc x canon, shoujo",https://x.com/pairiaria/status/1900154484946300949,C
C34,"Hazbin hotel, arknights, dr.stone, etc., haikyuu, harry potter, one piece, sonic, zzz",https://www.facebook.com/photo/?fbid=1065779568910902&set=a.1056398876515638,C
C35-36,"AOT, MHA, genshin, gintama, haikyuu, oc x canon, original, wuwa",https://www.facebook.com/photo/?fbid=1067963462025846&set=a.1056398876515638,C
C38,kny,https://www.facebook.com/photo/?fbid=1067955855359940&set=a.1056398876515638,C
C39-40,kny,https://www.facebook.com/photo/?fbid=1067955782026614&set=a.1056398876515638,C
C41,"AOT, haikyuu, mahou-shoujo, naruto",https://www.facebook.com/photo/?fbid=1065779768910882&set=a.1056398876515638,C
C43-44,"death note, kny, nijisanji, vtuber",https://www.facebook.com/photo/?fbid=1066483592173833&set=a.1056398876515638,C
C51-52,"dr.stone, hxh, one piece",https://www.facebook.com/photo/?fbid=1067955698693289&set=a.1056398876515638,C
C53-54,dr.stone,https://www.facebook.com/photo/?fbid=1066483635507162&set=a.1056398876515638,C
C55,"JJK, dungeon mechi, golden kamuy, mashle, mouth washing, naruto, original",https://www.facebook.com/photo/?fbid=1065779662244226&set=a.1056398876515638,C
C56,"hsr, jojo, original",https://www.facebook.com/photo/?fbid=1066313858857473&set=a.1056398876515638,C
C57-60,"JJK, Kaijuu8, MHA, chainsaw man, dandadan, dungeon mechi, gintama, gokurakugai, haikyuu, iruma, kny, mashle, one piece, original, ron, sakamoto day, shoujo, skip & loafer, spy x fam",https://www.facebook.com/photo/?fbid=1067955768693282&set=a.1056398876515638,C
C65-68,"MHA, bungo, dungeon mechi, evangelion, final fantasy, genshin, honkai3, hsr, jojo, madoka, mob100, original, pony, project sekai, slamdunk",https://www.facebook.com/photo/?fbid=1067955898693269&set=a.1056398876515638,C
C69-70,"Hand-made, JJK, etc., original, yugi oh",https://www.facebook.com/photo/?fbid=1056398513182341&set=a.1056398876515638,C
C71-74,"AOT, etc.",https://www.facebook.com/photo/?fbid=1067955808693278&set=a.1056398876515638,C
C75-76,"ALNST, dr.stone, ensemble star, hxh",https://www.facebook.com/photo.php?fbid=1067955665359959&set=a.1056398876515638&type=3&mibextid=wwXIfr&rdid=UHqm6bm0hOl4FzUX&share_url=https%3A%2F%2Fwww.facebook.com%2Fshare%2F1KUp9AW98u%2F%3Fmibextid%3DwwXIfr#,C
C79,reborn,https://www.facebook.com/photo/?fbid=1065779498910909&set=a.1056398876515638,C
C80,"MHA, original, project sekai, tokyo revenger",https://www.facebook.com/photo/?fbid=1062328415922684&set=a.1056398876515638,C
C81,"conan, genshin, wuwa, zzz",https://www.facebook.com/photo/?fbid=1065779545577571&set=a.1056398876515638,C
C82,"final fantasy, marvel, ranma, shoujo",https://www.facebook.com/photo/?fbid=1066483578840501&set=a.1056398876515638,C
C83-84,"digimon, etc., harry potter, kny, mahou-shoujo, pokemon, spy x fam",https://www.facebook.com/photo/?fbid=1065779602244232&set=a.1056398876515638,C
C85-86,"Hazbin hotel, bungo, mashle, nijisanji, nu carnival, pokemon, vtuber",https://www.facebook.com/photo/?fbid=1065779748910884&set=a.1056398876515638,C
C87-88,"oc x canon, original, reborn, twisted",https://www.facebook.com/photo/?fbid=1056398546515671&set=a.1056398876515638,C
C92,"JJK, original",https://www.facebook.com/photo/?fbid=1065779732244219&set=a.1056398876515638,C
D01-02,"LoL, blue lock, dungeon mechi, gegege, genshin, hsr, mouth washing, one piece, original, orv, wind breaker, witch hat atelier",https://www.facebook.com/photo/?fbid=1067971192025073&set=a.1056399543182238,D
D03-04,"AOT, Hazbin hotel, genshin, holo, hsr, zzz",https://www.facebook.com/photo/?fbid=1065782155577310&set=a.1056399543182238,D
D05-06,"chi, dungeon mechi, miu404, mob100, trigun, zzz",https://www.facebook.com/photo/?fbid=1065782258910633&set=a.1056399543182238 ,D
D07-08,etc.,https://www.facebook.com/photo/?fbid=1065782448910614&set=a.1056399543182238,D
D10,"dungeon mechi, monster",https://www.facebook.com/photo/?fbid=1067970982025094&set=a.1056399543182238,D
D11-12,"blue lock, dandadan, dungeon mechi, original, wind breaker",https://www.facebook.com/photo/?fbid=1065782168910642&set=a.1056399543182238,D
D13-14,"AOT, JJK, bungo, chi, dungeon mechi, elden ring, genshin, hsr, mob100, original, wuwa",https://www.facebook.com/photo/?fbid=1067971142025078&set=a.1056399543182238,D
D15,"arp, dungeon mechi, frieren, genshin, hsr, maomao, original, shoujo",https://www.facebook.com/photo/?fbid=1065782128910646&set=a.1056399543182238,D
D16,frieren,https://www.facebook.com/photo/?fbid=1067971108691748&set=a.1056399543182238,D
D17,"JJK, genshin, identityV, trigun",https://www.facebook.com/photo/?fbid=1065782215577304&set=a.1056399543182238,D
D18,"ALNST, dungeon mechi, genshin, nijisanji, one piece, orv, sonic",https://www.facebook.com/photo/?fbid=1065782405577285&set=a.1056399543182238,D
D19,"MHA, haikyuu, plave",https://www.facebook.com/photo/?fbid=1065782475577278&set=a.1056399543182238,D
D21-22,"blue lock, conan, dungeon mechi, frieren, genshin, hsr, shoujo, skip & loafer, tsurune, wind breaker",https://www.facebook.com/photo/?fbid=1065782322243960&set=a.1056399543182238,D
D23-24,"hsr, orv, webtoon",https://www.facebook.com/photo/?fbid=1065782062243986&set=a.1056399543182238,D
D25-28,"JJK, etc., genshin, haikyuu, kny, one piece, original, spy x fam",https://www.facebook.com/photo/?fbid=1065782602243932&set=a.1056399543182238,D
D33,"ALNST, gegege, orv",https://www.facebook.com/photo/?fbid=1067971085358417&set=a.1056399543182238,D
D35-36,"MHA, ensemble star, hsr, original",https://www.facebook.com/photo/?fbid=1065782272243965&set=a.1056399543182238,D
D37,"ALNST, paradox live",https://www.facebook.com/photo?fbid=1067977592024433&set=a.1056399543182238,D
D38,"haikyuu, mashle, paradox live",https://www.facebook.com/photo/?fbid=1066314842190708&set=a.1056399543182238,D
D39,"IDOLiSH7, hsr, paradox live",https://www.facebook.com/photo/?fbid=1062388632583329&set=a.1056399543182238,D
D45-46,"ALNST, webtoon",https://www.facebook.com/photo?fbid=1067978052024387&set=a.1056399543182238,D
D49-50,"dungeon mechi, mrat, pony",https://scontent.fbkk22-4.fna.fbcdn.net/v/t39.30808-6/482225336_1065782385577287_4410302879818957920_n.jpg?_nc_cat=109&ccb=1-7&_nc_sid=f727a1&_nc_eui2=AeE_Bzdpitr6uyIFcFH3VGz3d7NMGJSWhUx3s0wYlJaFTMTv8WMtcZumYrFNUJPgjVLcLC7D2yYVhtuH8-stn3nd&_nc_ohc=9w4-CaBOcZwQ7kNvgHNuei7&_nc_oc=AdgQrh3qFalfe7c1GtkaJE7yCRDkvRmfX_nYoYaTqbo5NHh2qgldox7wJh60hNOJEF4v0x4m0utg46eMnOGPXSon&_nc_zt=23&_nc_ht=scontent.fbkk22-4.fna&_nc_gid=AQkLN5V5zXpBIgUwpDCmqIv&oh=00_AYGnGwgulFrS7rOUNsPrF8y4w8ekbP_ZK0VTEh25OiEZrg&oe=67D8CF75,D
D51-52,"JJK, bocchi, chi, dandadan, dungeon mechi, frieren, genshin, original, project sekai, zzz",https://www.facebook.com/photo/?fbid=1065782068910652&set=a.1056399543182238,D
D54,"Hazbin hotel, dr.stone, dungeon mechi",https://www.facebook.com/photo/?fbid=1067971018691757&set=a.1056399543182238,D
D55,"chi, dungeon mechi, original",https://www.facebook.com/photo/?fbid=1066314828857376&set=a.1056399543182238,D
D58,"haikyuu, slamdunk, tokyo revenger",https://www.facebook.com/photo/?fbid=1067970955358430&set=a.1056399543182238,D
D59-60,"dungeon mechi, gegege, original",https://www.facebook.com/photo?fbid=1067979615357564&set=a.1056399543182238,D
D61,"Persona, ace attorney, dungeon mechi, fate, gegege, miu404, nijisanji, original, pokemon, skip & loafer, trigun",https://www.facebook.com/photo/?fbid=1065782295577296&set=a.1056399543182238,D
D62,"AOT, LoL, blue lock, chainsaw man, dungeon mechi, gegege, haikyuu, sakamoto day, wind breaker",https://www.facebook.com/photo/?fbid=1067971205358405&set=a.1056399543182238,D
D63-64,"ALNST, final fantasy, gegege, haikyuu, nijisanji, original, tokyo revenger, vtuber",https://www.facebook.com/photo/?fbid=1067971125358413&set=a.1056399543182238,D
D65,"ALNST, dandadan, dungeon mechi, final fantasy, gegege, hsr, trigun",https://www.facebook.com/photo/?fbid=1056399333182259&set=a.1056399543182238,D
D66,"gegege, jojo, reverse1999",https://www.facebook.com/photo/?fbid=1066314805524045&set=a.1056399543182238,D
D67-68,"Persona, blue lock, bungo, haikyuu, maomao, nijisanji, original, orv, webtoon, wind breaker",https://www.facebook.com/photo/?fbid=1065782095577316&set=a.1056399543182238,D
D71-72,"ensemble star, haikyuu",https://www.facebook.com/photo/?fbid=1067971055358420&set=a.1056399543182238,D
D77-78,"Hand-made, Hazbin hotel, genshin, hsr, orv, zzz",https://www.facebook.com/photo/?fbid=1062388609249998&set=a.1056399543182238,D
D81-82,Hazbin hotel,https://www.facebook.com/photo/?fbid=1065782115577314&set=a.1056399543182238,D
D83-84,"Hazbin hotel, holo",https://x.com/ssk_kri/status/1899049183128035521/photo/1,D
D87-88,Hazbin hotel,https://www.facebook.com/photo/?fbid=1065782482243944&set=a.1056399543182238,D
D89,"Hazbin hotel, LoL, sasamiya",https://www.facebook.com/photo/?fbid=1062388582583334&set=a.1056399543182238,D
D90,"Hazbin hotel, hsr, identityV, kny, marvel, original, zzz",https://www.facebook.com/photo/?fbid=1065782378910621&set=a.1056399543182238,D
D91-92,"Hazbin hotel, sonic",https://www.facebook.com/photo/?fbid=1065782528910606&set=a.1056399543182238,D
E01-04,"JJK, Kaijuu8, dungeon mechi, genshin, haikyuu, hsr, mashle, nijisanji, wind breaker",https://www.facebook.com/photo/?fbid=1066485182173674&set=a.1056402746515251,E
E05-06,"dandadan, dungeon mechi, evangelion, mob100, mouth washing, sakamoto day, witch hat atelier",https://www.facebook.com/photo/?fbid=1065793168909542&set=a.1056402746515251,E
E11-12,"ALNST, arknights, nijisanji",https://www.facebook.com/photo/?fbid=1065793078909551&set=a.1056402746515251,E
E13-14,"genshin, hsr, original",https://www.facebook.com/photo/?fbid=1065793138909545&set=a.1056402746515251,E
E15-16,"ALNST, AOT, JJK, genshin, naruto, nijisanji, original, orv, spy x fam, tokyo revenger, webtoon",https://www.facebook.com/photo/?fbid=1062345879254271&set=a.1056402746515251,E
E17,"arknights, original",https://www.facebook.com/photo?fbid=1068027948686064&set=a.1056402746515251,E
E18,"Kaijuu8, MHA, wind breaker",https://www.facebook.com/photo/?fbid=1065792928909566&set=a.1056402746515251,E
E21-24,"Hazbin hotel, JJK, genshin, hsr, reborn, wuwa",https://www.facebook.com/photo?fbid=1068028145352711&set=a.1056402746515251,E
E27-28,"LoL, MHA, dungeon mechi, frieren, jojo, madoka, original",https://www.facebook.com/photo/?fbid=1062344929254366&set=a.1056402746515251,E
E29-30,"ALNST, MHA, dungeon mechi, gundum, hsr, zzz",https://www.facebook.com/photo/?fbid=1066485235507002&set=a.1056402746515251,E
E33,"ALNST, arknights, dungeon mechi, gegege, genshin, hsr, identityV, original, orv, wind breaker",https://www.facebook.com/photo?fbid=1068028038686055&set=a.1056402746515251,E
E35-36,"JJK, Kaijuu8, Lnd, LoL, MHA, frieren, gundum, hsr, hxh, naruto, one piece",https://www.facebook.com/photo/?fbid=1066315512190641&set=a.1056402746515251,E
E41-42,"Kaijuu8, dungeon mechi, genshin, one piece, original, orv",https://www.facebook.com/photo?fbid=1068027792019413&set=a.1056402746515251,E
E44,"JJK, genshin, nijisanji, zzz",https://www.facebook.com/photo/?fbid=1065793025576223&set=a.1056402746515251,E
E47,"MHA, blue lock, genshin, project sekai, reverse1999, zzz",https://www.facebook.com/photo/?fbid=1065792878909571&set=a.1056402746515251,E
E48,"genshin, hsr, project sekai",https://www.facebook.com/photo/?fbid=1065792935576232&set=a.1056402746515251,E
E53-54,genshin,https://www.facebook.com/photo/?fbid=1066485205507005&set=a.1056402746515251,E
E55,"Hand-made, genshin, hsr",https://www.facebook.com/photo?fbid=1068027708686088&set=a.1056402746515251,E
E56,"Hand-made, genshin",https://www.facebook.com/photo/?fbid=1065792848909574&set=a.1056402746515251,E
E59-62,"genshin, original",https://www.facebook.com/photo/?fbid=1066315545523971&set=a.1056402746515251,E
E63-64,"elden ring, genshin, original",https://www.facebook.com/photo?fbid=1068027845352741&set=a.105602746515251,E
E65,"Hazbin hotel, frieren, genshin, reborn",https://www.facebook.com/photo?fbid=1068027902019402&set=a.1056402746515251,E
E67-68,"Kaijuu8, genshin, hsr, nijisanji, original, skip & loafer, wind breaker, zzz",https://www.facebook.com/photo/?fbid=1056402579848601&set=a.1056402746515251,E
E69-70,"ALNST, Re, blue lock, dr.stone, dungeon mechi, genshin, good omens, hsr, madoka, orv, project sekai, sakamoto day, wind breaker",https://www.facebook.com/photo?fbid=1068027758686083&set=a.1056402746515251,E
E77-78,"genshin, nijisanji, original",https://www.facebook.com/photo/?fbid=1066315495523976&set=a.1056402746515251,E
E79-80,"LoL, dandadan, dungeon mechi, evangelion, genshin, maomao, movie, original, theboys",https://www.facebook.com/photo?fbid=1068039242018268&set=a.1056402746515251,E
E81,genshin,https://www.facebook.com/photo/?fbid=1065793095576216&set=a.1056402746515251,E
E82,"genshin, original",https://www.facebook.com/photo/?fbid=1065793005576225&set=a.1056402746515251,E
E83,"MHA, genshin, hsr, sakamoto day, slamdunk",https://www.facebook.com/photo/?fbid=1065793128909546&set=a.1056402746515251,E
E84,"dungeon mechi, genshin, hsr",https://www.facebook.com/photo/?fbid=1065792965576229&set=a.1056402746515251,E
E87-90,"JJK, genshin, hsr, wuwa, zzz",https://www.facebook.com/photo?fbid=1068028065352719&set=a.1056402746515251,E
F03-04,"genshin, hsr, wuwa",https://www.facebook.com/photo/?fbid=1065798202242372&set=a.1056403263181866,F
F07,"dungeon mechi, genshin, hsr, identityV, slamdunk",https://www.facebook.com/photo/?fbid=1066317535523772&set=a.1056403263181866,F
F08,"genshin, hsr",https://www.facebook.com/photo/?fbid=1066317478857111&set=a.1056403263181866,F
F10,"bungo, gegege, genshin, haikyuu, wind breaker",https://www.facebook.com/photo/?fbid=1065798235575702&set=a.1056403263181866,F
F11-12,"genshin, honkai3, hsr",https://www.facebook.com/photo/?fbid=1065798375575688&set=a.1056403263181866,F
F15-16,"detroit, genshin, hsr",https://www.facebook.com/photo/?fbid=1065798282242364&set=a.1056403263181866,F
F17-18,"JJK, chainsaw man, genshin, hsr",https://www.facebook.com/photo/?fbid=1062382922583900&set=a.1056403263181866,F
F19,"MHA, dungeon mechi, genshin, golden kamuy, hxh, mob100",https://www.facebook.com/photo/?fbid=1065798358909023&set=a.1056403263181866,F
F20,"Hand-made, bungo, ensemble star, genshin, hsr, identityV, kny, nijisanji",https://www.facebook.com/photo/?fbid=1065798465575679&set=a.1056403263181866,F
F21-22,"JJK, dungeon mechi, genshin, hsr, original",https://www.facebook.com/photo/?fbid=1062382952583897&set=a.1056403263181866,F
F27-28,"blue lock, genshin, hsr, wind breaker",https://www.facebook.com/photo/?fbid=1065798128909046&set=a.1056403263181866,F
F31-32,"genshin, hsr",https://www.facebook.com/photo/?fbid=1066317568857102&set=a.1056403263181866,F
F33-34,"bungo, fate, hsr",https://www.facebook.com/photo/?fbid=1066317518857107&set=a.1056403263181866,F
F36,"dungeon mechi, genshin, hsr",https://www.facebook.com/photo/?fbid=1065798108909048&set=a.1056403263181866,F
F37-38,"genshin, hsr, zzz",https://www.facebook.com/photo/?fbid=1062382839250575&set=a.1056403263181866,F
F41,"ALNST, MHA, dungeon mechi, genshin",https://www.facebook.com/photo/?fbid=1065798428909016&set=a.1056403263181866,F
F42,"genshin, movie, original",https://www.facebook.com/photo/?fbid=1065798148909044&set=a.1056403263181866,F
F43-44,"frieren, hsr, sonic, wind breaker",https://www.facebook.com/photo/?fbid=1065798392242353&set=a.1056403263181866,F
F48,"ALNST, JJK, MHA, blue lock, genshin, hsr, wind breaker",https://www.facebook.com/photo/?fbid=1065798628908996&set=a.1056403263181866,F
F51-52,"ALNST, Hazbin hotel, genshin, hsr",https://www.facebook.com/photo/?fbid=1065798252242367&set=a.1056403263181866,F
F63,"blue lock, hsr, plave, sonic",,F
F69,"hsr, trigun, zzz",https://www.facebook.com/photo/?fbid=1065798575575668&set=a.1056403263181866,F
F70,"chainsaw man, genshin, hsr, nijisanji, vtuber",https://www.facebook.com/photo/?fbid=1065798535575672&set=a.1056403263181866,F
F73-74,"Hades, LoL, arp, genshin, golden kamuy, honkai3, ikemen, marvel, original, vtuber",https://www.facebook.com/photo.php?fbid=1068505801971612&id=100064366075629&set=a.1056403263181866&rdid=iYMmUybU4e0QHxIr&share_url=https%3A%2F%2Fwww.facebook.com%2Fshare%2F1QJipDL1Ei%2F#,F
F76,"ensemble star, genshin, original",https://www.facebook.com/photo/?fbid=1062382885917237&set=a.1056403263181866,F
F77-78,"genshin, hsr",https://www.facebook.com/photo/?fbid=1066317492190443&set=a.1056403263181866,F
F79-80,"dungeon mechi, genshin, hsr, identityV, mob100, original, valorant",https://www.facebook.com/photo/?fbid=1066322352189957&set=a.1056403263181866,F
F83-86,"genshin, hsr, wuwa, zzz",https://www.facebook.com/photo/?fbid=1062382792583913&set=a.1056403263181866,F
F92,hsr,https://www.facebook.com/photo/?fbid=1057913593030833&set=a.1056403263181866,F
M19-20,chi,,M
M45-46,miu404,,M
M31-32,18trip,,M
I53-54,18trip,,I
J35-36,plave,,J
O29-30,"original, plave",,อื่นๆ
G01,genshin,https://www.facebook.com/photo/?fbid=1065801755575350&set=a.1056404053181787,G
G02,"frieren, hsr",https://www.facebook.com/photo/?fbid=1068508315304694&set=a.1056404053181787,G
G03-04,"bleach, fate, final fantasy, genshin, hsr, valorant",https://www.facebook.com/photo/?fbid=1065803215575204&set=a.1056404053181787,G
G05-08,"genshin, hsr",https://www.facebook.com/photo/?fbid=1066322902189902&set=a.1056404053181787,G
G13-14,"detroit, genshin, hsr, original",https://www.facebook.com/photo/?fbid=1062391455916380&set=a.1056404053181787,G
G17-18,"MHA, genshin",https://www.facebook.com/photo/?fbid=1068536261968566&set=a.1056404053181787,G
G19-20,"LoL, arknights, genshin, hsr, one piece, orv, spy x fam, zzz",https://www.facebook.com/photo/?fbid=1066322858856573&set=a.1056404053181787,G
G21-22,"genshin, hsr, project sekai",https://www.facebook.com/photo/?fbid=1066486745506851&set=a.1056404053181787,G
G23-24,"genshin, hsr",https://www.facebook.com/photo/?fbid=1068508298638029&set=a.1056404053181787,G
G27-28,"JJK, dandadan, dungeon mechi, genshin, haikyuu, hsr, original, wuwa, zzz",https://www.facebook.com/photo/?fbid=1056403826515143&set=a.1056404053181787,G
G29-30,"ALNST, ensemble star, genshin, hsr, nijisanji, paradox live, project sekai, webtoon",https://www.facebook.com/photo/?fbid=1065801918908667&set=a.1056404053181787,G
G25-26,"Hand-made, JJK, etc., genshin, haikyuu, hsr, nijisanji, original, valorant",https://www.facebook.com/photo/?fbid=1068508448638014&set=a.1056404053181787,G
G31,"ALNST, project sekai",https://www.facebook.com/photo/?fbid=1065801835575342&set=a.1056404053181787,G
G32,"genshin, hsr, original",https://www.facebook.com/photo/?fbid=1068724795283046&set=a.1056404053181787,G
G33-34,"JJK, Kaijuu8, blue lock, dr.stone, hsr, mashle, one piece, original",https://www.facebook.com/photo/?fbid=1065801875575338&set=a.1056404053181787,G
G35-36,"genshin, hsr",https://www.facebook.com/photo/?fbid=1068724995283026&set=a.1056404053181787,G
G37,"hsr, oc x canon, original, wind breaker, zzz",,G
G38,"JJK, dungeon mechi, plave",https://www.facebook.com/photo?fbid=1068724958616363&set=a.1056404053181787,G
G39-40,"ALNST, hsr, original",https://www.facebook.com/photo/?fbid=1068732781948914&set=a.1056404053181787,G
G45,"arknights, identityV, reverse1999",https://www.facebook.com/photo/?fbid=1068724858616373&set=a.1056404053181787,G
G46,"genshin, hsr, wind breaker",https://www.facebook.com/photo/?fbid=1068537338635125&set=a.1056404053181787,G
G47-48,"genshin, hsr, wuwa, zzz",https://www.facebook.com/photo/?fbid=1068508421971350&set=a.1056404053181787,G
G49-50,"genshin, hsr",https://www.facebook.com/photo/?fbid=1062390319249827&set=a.1056404053181787,G
G51-52,"genshin, hsr, zzz",https://www.facebook.com/photo/?fbid=1065801775575348&set=a.1056404053181787,G
G53-54,"ALNST, dungeon mechi, hsr, orv, s class, webtoon",https://www.facebook.com/photo/?fbid=1068508401971352&set=a.1056404053181787,G
G56,"genshin, hsr",https://www.facebook.com/photo/?fbid=1068537281968464&set=a.1056404053181787,G
G57,hsr,https://www.facebook.com/photo/?fbid=1068537265301799&set=a.1056404053181787,G
G58,"genshin, hsr, zzz",https://www.facebook.com/photo/?fbid=1065801948908664&set=a.1056404053181787,G
G59-62,"ALNST, AOT, LoL, Re, dungeon mechi, gegege, genshin, hsr, nijisanji, trigun",https://www.facebook.com/photo/?fbid=1066322838856575&set=a.1056404053181787,G
G63-64,"Lnd, genshin, hsr, nijisanji, original, wuwa",https://www.facebook.com/photo/?fbid=1068508275304698&set=a.1056404053181787,G
G65-66,"ALNST, hsr, mashle, sakamoto day, wind breaker",https://www.facebook.com/photo?fbid=1068725181949674&set=a.1056404053181787,G
G67-68,"ensemble star, genshin, original, orv, wind breaker, zzz",https://www.facebook.com/photo/?fbid=1068508331971359&set=a.1056404053181787,G
G69-70,"genshin, hsr, original, zzz",https://www.facebook.com/photo/?fbid=1065801792242013&set=a.1056404053181787,G
G71-72,"Hand-made, dungeon mechi, genshin, hsr, orv, webtoon, wuwa",https://www.facebook.com/photo/?fbid=1068508365304689&set=a.1056404053181787,G
G75-76,"dungeon mechi, genshin, hsr, original, zzz",https://www.facebook.com/photo/?fbid=1062420899246769&set=a.1056404053181787,G
G77-78,"Hand-made, JJK, evangelion, genshin, honkai3, hsr, skip & loafer",https://www.facebook.com/photo/?fbid=1068537748635084&set=a.1056404053181787,G
G79,"JJK, LoL, dandadan, dungeon mechi, genshin, hsr, mouth washing, orv",https://www.facebook.com/photo?fbid=1068724825283043&set=a.1056404053181787,G
G80,"JJK, conan, genshin",https://www.facebook.com/photo/?fbid=1065801822242010&set=a.1056404053181787,G
G81,"gegege, hsr, marvel, slamdunk",https://www.facebook.com/photo/?fbid=1068725045283021&set=a.1056404053181787,G
G83-84,"holo, hsr, maomao",https://www.facebook.com/photo/?fbid=1065801898908669&set=a.1056404053181787,G
G85-86,"ALNST, Hazbin hotel, arknights, dungeon mechi, final fantasy, genshin, hsr, mouth washing, original",https://www.facebook.com/photo/?fbid=1068733455282180&set=a.1056404053181787,G
G87-88,"JJK, hsr, nijisanji, zzz",https://www.facebook.com/photo/?fbid=1065801975575328&set=a.1056404053181787,G
G89-90,"blue lock, dungeon mechi, genshin, hsr",https://www.facebook.com/photo/?fbid=1066322892189903&set=a.1056404053181787,G
G91-92,"IDOLiSH7, MHA, free, genshin, hsr, nu carnival",https://www.facebook.com/photo?fbid=1068724755283050&set=a.1056404053181787,G
H01,"genshin, honkai3, hsr",https://www.facebook.com/photo/?fbid=1068543255301200&set=a.1056404593181733,H
H02,"hsr, mahou-shoujo, nijisanji, original, webtoon, wuwa",https://www.facebook.com/photo/?fbid=1065805382241654&set=a.1056404593181733,H
H03,hsr,https://www.facebook.com/photo?fbid=1068735251948667&set=a.1056404593181733,H
H04,"hsr, zzz",https://www.facebook.com/photo/?fbid=1065805475574978&set=a.1056404593181733,H
H07,"bungo, original",https://www.facebook.com/photo/?fbid=1062381529250706&set=a.1056404593181733,H
H08,"dr.stone, genshin, hsr",https://www.facebook.com/photo/?fbid=1066487415506784&set=a.1056404593181733,H
H09-10,"LoL, genshin, haikyuu, hsr, mob100",https://www.facebook.com/photo?fbid=1068734928615366&set=a.1056404593181733,H
H11-12,"genshin, hsr, wuwa",https://www.facebook.com/photo/?fbid=1062381499250709&set=a.1056404593181733,H
H13-14,"IDOLiSH7, JJK, arknights, genshin, hsr, original, project sekai",https://www.facebook.com/photo/?fbid=1068541001968092&set=a.1056404593181733,H
H16,"Hand-made, chainsaw man, genshin, one piece, original, reverse1999",https://www.facebook.com/photo/?fbid=1065805315574994&set=a.1056404593181733,H
H17,"dungeon mechi, hsr, reverse1999",https://www.facebook.com/photo/?fbid=1068540951968097&set=a.1056404593181733,H
H18,reverse1999,https://www.facebook.com/photo/?fbid=1065805262241666&set=a.1056404593181733,H
H20,reverse1999,https://www.facebook.com/photo/?fbid=1066324378856421&set=a.1056404593181733,H
H21-22,"ace attorney, arknights, bocchi, ensemble star, etc., genshin, golden kamuy, hsr, original, project sekai, reverse1999",https://www.facebook.com/photo/?fbid=1068540875301438&set=a.1056404593181733,H
H23-24,"JJK, chi, etc., genshin, gundum, hsr, sakamoto day, zzz",https://www.facebook.com/photo/?fbid=1068540831968109&set=a.1056404593181733,H
H25-26,"Hades, Lnd, ace attorney, arknights, blue lock, chainsaw man, chi, dandadan, dungeon mechi, etc., mob100, nijisanji, original, pokemon, zelda",https://www.facebook.com/photo?fbid=1068735441948648&set=a.1056404593181733,H
H27-28,arknights,https://www.facebook.com/photo/?fbid=1065805405574985&set=a.1056404593181733,H
H29,"arknights, banG dream, dungeon mechi, etc., gundum, madoka",https://www.facebook.com/photo/?fbid=1068540801968112&set=a.1056404593181733,H
H30,"bloodborne, dungeon mechi, harry potter, mahou-shoujo, nier, original",https://www.facebook.com/photo/?fbid=1066324405523085&set=a.1056404593181733,H
H32,"ensemble star, etc., genshin, naruto",https://www.facebook.com/photo/?fbid=1065805355574990&set=a.1056404593181733,H
H33,"ensemble star, hsr",https://www.facebook.com/photo/?fbid=1066487395506786&set=a.1056404593181733,H
H34,"conan, ensemble star, etc.",https://www.facebook.com/photo/?fbid=1065805305574995&set=a.1056404593181733,H
H35-36,ensemble star,https://www.facebook.com/photo/?fbid=1066487482173444&set=a.1056404593181733,H
H37-38,"ensemble star, original",https://www.facebook.com/photo?fbid=1068735568615302&set=a.1056404593181733,H
H41-42,"Hand-made, ensemble star, wind breaker",https://www.facebook.com/photo?fbid=1068735628615296&set=a.1056404593181733,H
H43-46,"18trip, arp, etc., genshin, hsr, one piece, path to nowwhere, reverse1999",https://www.facebook.com/photo/?fbid=1068540961968096&set=a.1056404593181733,H
H49,"Hazbin hotel, identityV",https://www.facebook.com/photo?fbid=1068735881948604&set=a.1056404593181733,H
H50,identityV,https://www.facebook.com/photo/?fbid=1065805492241643&set=a.1056404593181733,H
H51-52,"dandadan, dungeon mechi, etc., identityV",https://www.facebook.com/photo/?fbid=1066324365523089&set=a.1056404593181733,H
H53-56,"LoL, arknights, chi, dungeon mechi, elden ring, etc., reverse1999",https://www.facebook.com/photo/?fbid=1065805502241642&set=a.1056404593181733,H
H59-60,"dungeon mechi, etc., gegege, genshin, identityV, nijisanji, pokemon",https://www.facebook.com/photo/?fbid=1066487435506782&set=a.1056404593181733,H
H61-62,"JJK, etc., naruto, oc x canon, pokemon",https://www.facebook.com/photo/?fbid=1065805278908331&set=a.1056404593181733,H
H63-64,pokemon,https://www.facebook.com/photo/?fbid=1066324385523087&set=a.1056404593181733,H
H65-66,"LoL, digimon, dungeon mechi, etc., original, pokemon, yugi oh, zzz",https://www.facebook.com/photo/?fbid=1068540915301434&set=a.1056404593181733,H
H67-68,"genshin, original, zzz",https://www.facebook.com/photo/?fbid=1068540785301447&set=a.1056404593181733,H
H69-70,Hand-made,https://www.facebook.com/photo?fbid=1068736131948579&set=a.1056404593181733,H
H71-72,"original, pokemon, zzz",https://www.facebook.com/photo/?fbid=1065805438908315&set=a.1056404593181733,H
I01-02,"Hazbin hotel, Persona, arknights, etc., genshin, hsr, identityV, mouth washing",https://www.facebook.com/photo/?fbid=1065808672241325&set=a.1056405833181609,I
I03-04,"genshin, haikyuu, hsr, nijisanji, tokyo revenger, wind breaker",https://www.facebook.com/photo/?fbid=1066489885506537&set=a.1056405833181609,I
I05-06,"genshin, hsr",https://www.facebook.com/photo/?fbid=1065808605574665&set=a.1056405833181609,I
I07-08,"dungeon mechi, frieren, original, pokemon, twisted",https://www.facebook.com/photo/?fbid=1065808495574676&set=a.1056405833181609,I
I09,final fantasy,https://www.facebook.com/photo/?fbid=1065808738907985&set=a.1056405833181609,I
I11-12,"LoL, dandadan",https://www.facebook.com/photo/?fbid=1068590718629787&set=a.1056405833181609,I
I13-14,"LoL, digimon, etc., fate, final fantasy, genshin, original, project sekai, zzz",https://www.facebook.com/photo/?fbid=1065808558908003&set=a.1056405833181609,I
I15,"final fantasy, project sekai",https://www.facebook.com/photo/?fbid=1066325552189637&set=a.1056405833181609,I
I16,"Re, vtuber",https://www.facebook.com/photo/?fbid=1068739635281562&set=a.1056405833181609,I
I17,final fantasy,https://www.facebook.com/photo/?fbid=1068739715281554&set=a.1056405833181609,I
I18,final fantasy,https://www.facebook.com/photo/?fbid=1068590798629779&set=a.1056405833181609,I
I19-20,"final fantasy, hsr, nijisanji",https://www.facebook.com/photo/?fbid=1068590698629789&set=a.1056405833181609,I
I21-22,"dungeon mechi, final fantasy, original",https://www.facebook.com/photo/?fbid=1068590765296449&set=a.1056405833181609,I
I23-24,"JJK, Persona, arknights, gegege, genshin, hsr",https://www.facebook.com/photo/?fbid=1068739665281559&set=a.1056405833181609,I
I25,final fantasy,https://www.facebook.com/photo/?fbid=1068592771962915&set=a.1056405833181609,I
I26,"etc., final fantasy, genshin, original",https://www.facebook.com/photo/?fbid=1065808518908007&set=a.1056405833181609,I
I29-30,"LoL, bocchi, evangelion, k angel, madoka, project sekai, valorant, vocaloid, zelda",https://www.facebook.com/photo/?fbid=1065808525574673&set=a.1056405833181609,I
I31-32,"etc., hsr, original, pokemon",https://www.facebook.com/photo/?fbid=1068739781948214&set=a.1056405833181609,I
I34,"Persona, gegege, identityV",https://www.facebook.com/photo/?fbid=1068592971962895&set=a.1056405833181609,I
I35,"k angel, madoka, project sekai",https://www.facebook.com/photo/?fbid=1068739875281538&set=a.1056405833181609,I
I36,"Hand-made, conan, onmyoji, touken ranbu",https://www.facebook.com/photo/?fbid=1065808708907988&set=a.1056405833181609,I
I37-38,touken ranbu,https://www.facebook.com/photo/?fbid=1065808425574683&set=a.1056405833181609,I
I39-40,"ensemble star, oc x canon, reborn, touken ranbu",https://www.facebook.com/photo/?fbid=1066489928839866&set=a.1056405833181609,I
I41-42,LoL,https://www.facebook.com/photo/?fbid=1062421582580034&set=a.1056405833181609,I
I43-44,"LoL, vocaloid",https://www.facebook.com/photo/?fbid=1068590855296440&set=a.1056405833181609,I
I45-48,"LoL, dr.stone, genshin, golden kamuy, hsr, mashle, nijisanji, original, sonic",https://www.facebook.com/photo/?fbid=1068590781963114&set=a.1056405833181609,I
I49-50,"LoL, genshin, hsr, original, plave",https://www.facebook.com/photo/?fbid=1065808542241338&set=a.1056405833181609,I
I51-52,"ALNST, Hazbin hotel, mouth washing",https://www.facebook.com/photo/?fbid=1068739708614888&set=a.1056405833181609,I
I53-54,"18trip, ALNST, LoL, dungeon mechi, holo, hsr",https://www.facebook.com/photo/?fbid=1065808465574679&set=a.1056405833181609,I
I55,"etc., gundum",https://www.facebook.com/photo/?fbid=1056405006515025&set=a.1056405833181609,I
I57,"genshin, onmyoji, original, zzz",https://www.facebook.com/photo/?fbid=1065808442241348&set=a.1056405833181609,I
I58,"JJK, etc., ror",https://www.facebook.com/photo/?fbid=1066325572189635&set=a.1056405833181609,I
I59-60,"blue lock, hsr, hxh, identityV, wind breaker",https://www.facebook.com/photo/?fbid=1068593245296201&set=a.1056405833181609,I
I61-62,"bloodborne, detroit, dungeon mechi, elden ring, etc., final fantasy, gegege, golden kamuy, good omens, harry potter, mob100",https://www.facebook.com/photo/?fbid=1065808702241322&set=a.1056405833181609,I
I65-66,"Hades, Hazbin hotel, Persona, final fantasy, good omens, mahou-shoujo, nijisanji, plave, wind breaker, zelda",,I
I67-68,"Hazbin hotel, ace attorney, etc., original, sonic",https://www.facebook.com/photo/?fbid=1066489915506534&set=a.1056405833181609,I
I72,"detroit, etc., game, pokemon, zelda",https://www.facebook.com/photo/?fbid=1068739691948223&set=a.1056405833181609,I
I74,zzz,https://www.facebook.com/photo/?fbid=1068594228629436&set=a.1056405833181609,I
J01-02,"identityV, mashle",https://www.facebook.com/photo/?fbid=1066326028856256&set=a.1056406669848192,J
J03-04,"hsr, nijisanji, one piece, original, plave",https://www.facebook.com/photo/?fbid=1068596448629214&set=a.1056406669848192,J
J05-06,"etc., hermitcraft, mouth washing, one piece, sonic",https://www.facebook.com/photo/?fbid=1065812262240966&set=a.1056406669848192,J
J09-10,"ALNST, JJK, MHA, identityV, mahou-shoujo, nijisanji, original",https://www.facebook.com/photo?fbid=1068745101947682&set=a.1056406669848192,J
J13,nijisanji,https://www.facebook.com/photo/?fbid=1066490822173110&set=a.1056406669848192,J
J14,"genshin, nijisanji",https://www.facebook.com/photo/?fbid=1062360602586132&set=a.1056406669848192,J
J15-16,"LoL, genshin, mob100, nijisanji, pixela",https://www.facebook.com/photo/?fbid=1068596558629203&set=a.1056406669848192,J
J17,"holo, movie, original",https://www.facebook.com/photo?fbid=1068745291947663&set=a.1056406669848192,J
J18,"ALNST, pixela",https://www.facebook.com/photo/?fbid=1068602011961991&set=a.1056406669848192,J
J21-22,holo,https://www.facebook.com/photo/?fbid=1065812142240978&set=a.1056406669848192,J
J23,holo,https://www.facebook.com/photo/?fbid=1066326008856258&set=a.1056406669848192,J
J24,holo,https://www.facebook.com/photo/?fbid=1056406003181592&set=a.1056406669848192,J
J29-30,"genshin, holo, madoka, nijisanji, one piece, original, pixela",https://www.facebook.com/photo/?fbid=1065812228907636&set=a.1056406669848192,J
J33-34,"haikyuu, plave, slamdunk",https://www.facebook.com/photo?fbid=1068745628614296&set=a.1056406669848192,J
J35-36,"AOT, JJK, haikyuu, mahou-shoujo, mashle, plave, shoujo, skip & loafer, slamdunk, tokyo revenger",https://www.facebook.com/photo/?fbid=1062360635919462&set=a.1056406669848192,J
J37,"arknights, zzz",https://www.facebook.com/photo/?fbid=1066490808839778&set=a.1056406669848192,J
J38,"Kaijuu8, bungo, conan, genshin, sakamoto day",https://www.facebook.com/photo/?fbid=1068596478629211&set=a.1056406669848192,J
J40,"marvel, movie, one piece, pony",https://www.facebook.com/photo/?fbid=1066490785506447&set=a.1056406669848192,J
J41-42,"Hades, genshin, good omens, movie",https://www.facebook.com/photo?fbid=1068745818614277&set=a.1056406669848192,J
J43,"Hazbin hotel, good omens",https://www.facebook.com/photo?fbid=1068746365280889&set=a.1056406669848192,J
J44,"bungo, harry potter, kny, marvel",https://www.facebook.com/photo/?fbid=1065812112240981&set=a.1056406669848192,J
J45,"dungeon mechi, original",https://www.facebook.com/photo/?fbid=1065812178907641&set=a.1056406669848192,J
J46,original,https://www.facebook.com/photo/?fbid=1065812362240956&set=a.1056406669848192,J
J47-48,"marvel, movie, original",https://www.facebook.com/photo/?fbid=1065812328907626&set=a.1056406669848192,J
J49,"dungeon mechi, etc., transfomers",https://www.facebook.com/photo?fbid=1068746551947537&set=a.1056406669848192,J
J51-52,"dungeon mechi, original",https://www.facebook.com/photo/?fbid=1065812632240929&set=a.1056406669848192,J
J53-54,original,https://www.facebook.com/photo/?fbid=1068596595295866&set=a.1056406669848192,J
J55-56,original,https://www.facebook.com/photo/?fbid=1066490748839784&set=a.1056406669848192,J
J57-58,"ALNST, Hazbin hotel, JJK, hsr, original",https://www.facebook.com/photo/?fbid=1066490772173115&set=a.1056406669848192,J
J59-60,"JJK, genshin, haikyuu, one piece",https://www.facebook.com/photo/?fbid=1065812268907632&set=a.1056406669848192,J
J61,"Hand-made, genshin",https://www.facebook.com/photo/?fbid=1068602371961955&set=a.1056406669848192,J
J62,"genshin, original",https://www.facebook.com/photo/?fbid=1056406036514922&set=a.1056406669848192,J
J63,"bleach, dungeon mechi, ensemble star, genshin, haikyuu, jojo, original, plave, valorant",https://www.facebook.com/photo/?fbid=1068596628629196&set=a.1056406669848192,J
J65-66,"mouth washing, original",https://www.facebook.com/photo/?fbid=1065812135574312&set=a.1056406669848192,J
J67-70,"dungeon mechi, original",https://www.facebook.com/photo/?fbid=1068596501962542&set=a.1056406669848192,J
K01,"JJK, blue lock, dungeon mechi, haikyuu, mashle, original, tokyo revenger",https://www.facebook.com/photo/?fbid=1068607031961489&set=a.1056406566514869,K
K03-04,"hsr, original",https://www.facebook.com/photo/?fbid=1065814658907393&set=a.1056406566514869,K
K05-06,"JJK, one piece, original, slamdunk",https://www.facebook.com/photo/?fbid=1068612728627586&set=a.1056406566514869,K
K0708,"ALNST, JJK, dungeon mechi, hxh, mob100, naruto, original, plave, wuwa",https://www.facebook.com/photo/?fbid=1068613098627549&set=a.1056406566514869,K
K11-12,"mahou-shoujo, original",https://www.facebook.com/photo/?fbid=1065814688907390&set=a.1056406566514869,K
K13,"dungeon mechi, genshin, hsr, original",https://www.facebook.com/photo/?fbid=1068606748628184&set=a.1056406566514869,K
K14,"LoL, dungeon mechi, genshin, hsr, original",https://www.facebook.com/photo/?fbid=1065814452240747&set=a.1056406566514869,K
K15-16,"ALNST, Hades, arknights, hsr, movie, odyssey, pokemon, reverse1999, zzz",https://www.facebook.com/photo/?fbid=1068607165294809&set=a.1056406566514869,K
K17-18,"MHA, Persona, chainsaw man, dungeon mechi, genshin, original, project sekai, reborn, spy x fam",https://www.facebook.com/photo/?fbid=1068614971960695&set=a.1056406566514869,K
K19-20,original,https://www.facebook.com/photo/?fbid=1066326488856210&set=a.1056406566514869,K
K23-24,original,https://www.facebook.com/photo/?fbid=1068613788627480&set=a.1056406566514869,K
K25-26,"arknights, chainsaw man, original, valorant",https://www.facebook.com/photo/?fbid=1062414089247450&set=a.1056406566514869,K
K27-30,"dr.stone, dungeon mechi, good omens, haikyuu, mob100, original, reverse1999",https://www.facebook.com/photo/?fbid=1068604808628378&set=a.1056406566514869,K
K31-32,"JJK, LoL, blue lock, dungeon mechi, genshin, haikyuu, nijisanji, original, pixela, wind breaker",https://www.facebook.com/photo/?fbid=1065814545574071&set=a.1056406566514869,K
K33-34,"blue lock, chainsaw man, genshin, hsr, original, orv",https://www.facebook.com/photo/?fbid=1068614168627442&set=a.1056406566514869,K
K36,original,https://www.facebook.com/photo/?fbid=1065814538907405&set=a.1056406566514869,K
K37-38,"ALNST, blue lock, genshin, hsr, mahou-shoujo, original, shoujo, wind breaker",https://www.facebook.com/photo/?fbid=1065814512240741&set=a.1056406566514869,K
K39-40,"ALNST, arknights, ave mujica, dandadan, dungeon mechi, holo, madoka, mahou-shoujo, marvel, original, zzz",https://www.facebook.com/photo/?fbid=1068605761961616&set=a.1056406566514869,K
K41-42,"chinese, dr.stone, dungeon mechi, gegege, one piece, original, trigun",https://www.facebook.com/photo/?fbid=1068606648628194&set=a.1056406566514869,K
k43-44,"gegege, genshin, hsr, original, orv, wind breaker, zzz",https://www.facebook.com/photo/?fbid=1068615548627304&set=a.1056406566514869,K
K45-46,"JJK, haikyuu, original",https://www.facebook.com/photo/?fbid=1062394015916124&set=a.1056406566514869,K
K47,original,https://www.facebook.com/photo/?fbid=1065814495574076&set=a.1056406566514869,K
K50,"original, orv, webtoon",https://www.facebook.com/photo/?fbid=1065814742240718&set=a.1056406566514869,K
K51-52,"LoL, chainsaw man, conan, elden ring, frieren, hsr, identityV",https://www.facebook.com/photo/?fbid=1066326445522881&set=a.1056406566514869,K
K53-54,"kny, original",https://www.facebook.com/photo/?fbid=1066326472189545&set=a.1056406566514869,K
K57-58,"mouth washing, original",https://www.facebook.com/photo/?fbid=1068616891960503&set=a.1056406566514869,K
K59,"hxh, original",https://www.facebook.com/photo/?fbid=1068606881961504&set=a.1056406566514869,K
K60,original,https://www.facebook.com/photo/?fbid=1068617685293757&set=a.1056406566514869,K
K61,original,https://www.facebook.com/photo/?fbid=1065814568907402&set=a.1056406566514869,K
K62,"marvel, mouth washing, original",https://www.facebook.com/photo/?fbid=1068618335293692&set=a.1056406566514869,K
K63-64,"Hazbin hotel, genshin, original",https://www.facebook.com/photo/?fbid=1065814638907395&set=a.1056406566514869,K
K65-66,original,https://www.facebook.com/photo/?fbid=1065814592240733&set=a.1056406566514869,K
K67-68,original,https://www.facebook.com/photo/?fbid=1062393945916131&set=a.1056406566514869,K
K69,"Hades, LoL, dungeon mechi, golden kamuy",https://www.facebook.com/photo/?fbid=1066491912173001&set=a.1056406566514869,K
K70,"genshin, mashle, one piece, original",https://www.facebook.com/photo/?fbid=1068606538628205&set=a.1056406566514869,K
L10,original,https://www.facebook.com/photo/?fbid=1056407696514756&set=a.1056408119848047,L
L13-14,original,https://www.facebook.com/photo/?fbid=1056407663181426&set=a.1056408119848047,L
L31-32,original,https://www.facebook.com/photo/?fbid=1057879706367555&set=a.1056408119848047,L
L39,original,https://www.facebook.com/photo/?fbid=1056407676514758&set=a.1056408119848047,L
L50,"original, pokemon",https://www.facebook.com/photo/?fbid=1057879706367555&set=a.1056408119848047,L
D01-02,"LoL, blue lock, dungeon mechi, gegege, genshin, hsr, mouth washing, one piece, original, orv, wind breaker, witch hat atelier",https://www.facebook.com/photo/?fbid=1067971192025073&set=a.1056399543182238,D
D03-04,"AOT, Hazbin hotel, genshin, holo, hsr, zzz",https://www.facebook.com/photo/?fbid=1065782155577310&set=a.1056399543182238,D
D05-06,"chi, dungeon mechi, miu404, mob100, trigun, zzz","https://www.facebook.com/photo/?fbid=1065782258910633&set=a.1056399543182238 ",D
D07-08,etc.,https://www.facebook.com/photo/?fbid=1065782448910614&set=a.1056399543182238,D
D10,"dungeon mechi, monster",https://www.facebook.com/photo/?fbid=1067970982025094&set=a.1056399543182238,D
D11-12,"blue lock, dandadan, dungeon mechi, original, wind breaker",https://www.facebook.com/photo/?fbid=1065782168910642&set=a.1056399543182238,D
D13-14,"AOT, JJK, bungo, chi, dungeon mechi, elden ring, genshin, hsr, mob100, original, wuwa",https://www.facebook.com/photo/?fbid=1067971142025078&set=a.1056399543182238,D
D15,"arp, dungeon mechi, frieren, genshin, hsr, maomao, original, shoujo",https://www.facebook.com/photo/?fbid=1065782128910646&set=a.1056399543182238,D
D16,frieren,https://www.facebook.com/photo/?fbid=1067971108691748&set=a.1056399543182238,D
D17,"JJK, genshin, identityV, trigun",https://www.facebook.com/photo/?fbid=1065782215577304&set=a.1056399543182238,D
D18,"ALNST, dungeon mechi, genshin, nijisanji, one piece, orv, sonic",https://www.facebook.com/photo/?fbid=1065782405577285&set=a.1056399543182238,D
D19,"MHA, haikyuu, plave",https://www.facebook.com/photo/?fbid=1065782475577278&set=a.1056399543182238,D
D21-22,"blue lock, conan, dungeon mechi, frieren, genshin, hsr, shoujo, skip & loafer, tsurune, wind breaker",https://www.facebook.com/photo/?fbid=1065782322243960&set=a.1056399543182238,D
D23-24,"hsr, orv, webtoon",https://www.facebook.com/photo/?fbid=1065782062243986&set=a.1056399543182238,D
D25-28,"JJK, etc., genshin, haikyuu, kny, one piece, original, spy x fam",https://www.facebook.com/photo/?fbid=1065782602243932&set=a.1056399543182238,D
D33,"ALNST, gegege, orv",https://www.facebook.com/photo/?fbid=1067971085358417&set=a.1056399543182238,D
D35-36,"MHA, ensemble star, hsr, original",https://www.facebook.com/photo/?fbid=1065782272243965&set=a.1056399543182238,D
D37,"ALNST, paradox live",https://www.facebook.com/photo?fbid=1067977592024433&set=a.1056399543182238,D
D38,"haikyuu, mashle, paradox live",https://www.facebook.com/photo/?fbid=1066314842190708&set=a.1056399543182238,D
D39,"IDOLiSH7, hsr, paradox live",https://www.facebook.com/photo/?fbid=1062388632583329&set=a.1056399543182238,D
D45-46,"ALNST, webtoon",https://www.facebook.com/photo?fbid=1067978052024387&set=a.1056399543182238,D
D49-50,"dungeon mechi, mrat, pony",https://scontent.fbkk22-4.fna.fbcdn.net/v/t39.30808-6/482225336_1065782385577287_4410302879818957920_n.jpg?_nc_cat=109&ccb=1-7&_nc_sid=f727a1&_nc_eui2=AeE_Bzdpitr6uyIFcFH3VGz3d7NMGJSWhUx3s0wYlJaFTMTv8WMtcZumYrFNUJPgjVLcLC7D2yYVhtuH8-stn3nd&_nc_ohc=9w4-CaBOcZwQ7kNvgHNuei7&_nc_oc=AdgQrh3qFalfe7c1GtkaJE7yCRDkvRmfX_nYoYaTqbo5NHh2qgldox7wJh60hNOJEF4v0x4m0utg46eMnOGPXSon&_nc_zt=23&_nc_ht=scontent.fbkk22-4.fna&_nc_gid=AQkLN5V5zXpBIgUwpDCmqIv&oh=00_AYGnGwgulFrS7rOUNsPrF8y4w8ekbP_ZK0VTEh25OiEZrg&oe=67D8CF75,D
D51-52,"JJK, bocchi, chi, dandadan, dungeon mechi, frieren, genshin, original, project sekai, zzz",https://www.facebook.com/photo/?fbid=1065782068910652&set=a.1056399543182238,D
D54,"Hazbin hotel, dr.stone, dungeon mechi",https://www.facebook.com/photo/?fbid=1067971018691757&set=a.1056399543182238,D
D55,"chi, dungeon mechi, original",https://www.facebook.com/photo/?fbid=1066314828857376&set=a.1056399543182238,D
D58,"haikyuu, slamdunk, tokyo revenger",https://www.facebook.com/photo/?fbid=1067970955358430&set=a.1056399543182238,D
D59-60,"dungeon mechi, gegege, original",https://www.facebook.com/photo?fbid=1067979615357564&set=a.1056399543182238,D
D61,"Persona, ace attorney, dungeon mechi, fate, gegege, miu404, nijisanji, original, pokemon, skip & loafer, trigun",https://www.facebook.com/photo/?fbid=1065782295577296&set=a.1056399543182238,D
D62,"AOT, LoL, blue lock, chainsaw man, dungeon mechi, gegege, haikyuu, sakamoto day, wind breaker",https://www.facebook.com/photo/?fbid=1067971205358405&set=a.1056399543182238,D
D63-64,"ALNST, final fantasy, gegege, haikyuu, nijisanji, original, tokyo revenger, vtuber",https://www.facebook.com/photo/?fbid=1067971125358413&set=a.1056399543182238,D
D65,"ALNST, dandadan, dungeon mechi, final fantasy, gegege, hsr, trigun",https://www.facebook.com/photo/?fbid=1056399333182259&set=a.1056399543182238,D
D66,"gegege, jojo, reverse1999",https://www.facebook.com/photo/?fbid=1066314805524045&set=a.1056399543182238,D
D67-68,"Persona, blue lock, bungo, haikyuu, maomao, nijisanji, original, orv, webtoon, wind breaker",https://www.facebook.com/photo/?fbid=1065782095577316&set=a.1056399543182238,D
D71-72,"ensemble star, haikyuu",https://www.facebook.com/photo/?fbid=1067971055358420&set=a.1056399543182238,D
D77-78,"Hand-made, Hazbin hotel, genshin, hsr, orv, zzz",https://www.facebook.com/photo/?fbid=1062388609249998&set=a.1056399543182238,D
D81-82,Hazbin hotel,https://www.facebook.com/photo/?fbid=1065782115577314&set=a.1056399543182238,D
D83-84,"Hazbin hotel, holo",https://x.com/ssk_kri/status/1899049183128035521/photo/1,D
D87-88,Hazbin hotel,https://www.facebook.com/photo/?fbid=1065782482243944&set=a.1056399543182238,D
D89,"Hazbin hotel, LoL, sasamiya",https://www.facebook.com/photo/?fbid=1062388582583334&set=a.1056399543182238,D
D90,"Hazbin hotel, hsr, identityV, kny, marvel, original, zzz",https://www.facebook.com/photo/?fbid=1065782378910621&set=a.1056399543182238,D
D91-92,"Hazbin hotel, sonic",https://www.facebook.com/photo/?fbid=1065782528910606&set=a.1056399543182238,D